id_commande,date_commande,statut
1,2021-07-31 00:00:00,annulee
2,2021-06-24 00:00:00,annulee
3,2021-12-01 00:00:00,annulee
4,2020-12-28 00:00:00,expediee
5,2022-04-18 00:00:00,en attente
6,2020-01-15 00:00:00,en attente
7,2022-04-29 00:00:00,annulee
8,2022-09-20 00:00:00,en cours de traitement
9,2020-11-24 00:00:00,en cours de traitement
10,2020-12-09 00:00:00,expediee
11,2021-07-08 00:00:00,livree
12,2021-02-21 00:00:00,en cours de traitement
13,2022-07-15 00:00:00,expediee
14,2022-01-14 00:00:00,livree
15,2020-05-11 00:00:00,livree
16,2021-02-06 00:00:00,en cours de traitement
17,2020-05-11 00:00:00,expediee
18,2022-11-16 00:00:00,annulee
19,2022-04-26 00:00:00,annulee
20,2022-04-21 00:00:00,expediee
21,2022-04-16 00:00:00,livree
22,2021-08-22 00:00:00,expediee
23,2021-08-22 00:00:00,livree
24,2022-07-07 00:00:00,livree
25,2022-10-18 00:00:00,en attente
26,2022-05-11 00:00:00,expediee
27,2020-10-01 00:00:00,annulee
28,2020-06-08 00:00:00,annulee
29,2021-12-16 00:00:00,livree
30,2021-11-12 00:00:00,en attente
31,2021-07-17 00:00:00,livree
32,2020-06-17 00:00:00,livree
33,2020-12-09 00:00:00,en attente
34,2022-08-21 00:00:00,en attente
35,2022-10-21 00:00:00,annulee
36,2020-12-07 00:00:00,expediee
37,2022-01-24 00:00:00,annulee
38,2021-09-30 00:00:00,en cours de traitement
39,2020-10-29 00:00:00,en attente
40,2020-07-05 00:00:00,en attente
41,2021-10-31 00:00:00,livree
42,2022-05-10 00:00:00,expediee
43,2022-06-01 00:00:00,livree
44,2020-11-07 00:00:00,annulee
45,2022-01-17 00:00:00,expediee
46,2021-07-28 00:00:00,annulee
47,2021-12-19 00:00:00,livree
48,2021-06-15 00:00:00,en attente
49,2022-05-05 00:00:00,expediee
50,2022-02-11 00:00:00,en cours de traitement
51,2021-03-31 00:00:00,expediee
52,2020-06-11 00:00:00,en attente
53,2022-09-18 00:00:00,en cours de traitement
54,2020-06-12 00:00:00,en attente
55,2022-08-14 00:00:00,en cours de traitement
56,2022-08-29 00:00:00,expediee
57,2022-07-22 00:00:00,en attente
58,2020-11-25 00:00:00,livree
59,2021-11-06 00:00:00,annulee
60,2022-02-06 00:00:00,en cours de traitement
61,2021-09-24 00:00:00,livree
62,2022-01-20 00:00:00,annulee
63,2022-05-29 00:00:00,en cours de traitement
64,2020-03-18 00:00:00,annulee
65,2022-11-25 00:00:00,annulee
66,2020-05-20 00:00:00,annulee
67,2022-11-16 00:00:00,expediee
68,2020-11-21 00:00:00,annulee
69,2022-08-09 00:00:00,expediee
70,2022-01-31 00:00:00,en attente
71,2020-11-02 00:00:00,en attente
72,2022-12-19 00:00:00,expediee
73,2021-11-12 00:00:00,annulee
74,2020-03-27 00:00:00,expediee
75,2020-10-14 00:00:00,en attente
76,2022-08-11 00:00:00,livree
77,2020-11-04 00:00:00,expediee
78,2022-02-09 00:00:00,en attente
79,2020-01-03 00:00:00,expediee
80,2021-11-23 00:00:00,annulee
81,2022-07-20 00:00:00,en cours de traitement
82,2020-07-22 00:00:00,annulee
83,2020-08-24 00:00:00,en cours de traitement
84,2020-09-13 00:00:00,livree
85,2022-05-10 00:00:00,livree
86,2022-06-04 00:00:00,livree
87,2020-12-26 00:00:00,expediee
88,2021-06-28 00:00:00,en cours de traitement
89,2020-07-11 00:00:00,en attente
90,2020-09-11 00:00:00,en cours de traitement
91,2021-10-05 00:00:00,en cours de traitement
92,2021-12-08 00:00:00,livree
93,2022-06-01 00:00:00,en cours de traitement
94,2020-03-27 00:00:00,en cours de traitement
95,2021-03-24 00:00:00,en cours de traitement
96,2020-09-11 00:00:00,annulee
97,2020-05-22 00:00:00,expediee
98,2022-12-05 00:00:00,annulee
99,2021-11-09 00:00:00,annulee
100,2022-03-09 00:00:00,expediee
101,2020-11-08 00:00:00,annulee
102,2020-01-31 00:00:00,en cours de traitement
103,2021-07-12 00:00:00,expediee
104,2020-01-02 00:00:00,expediee
105,2020-05-27 00:00:00,en cours de traitement
106,2021-03-07 00:00:00,expediee
107,2020-07-31 00:00:00,en cours de traitement
108,2021-07-26 00:00:00,livree
109,2020-01-21 00:00:00,annulee
110,2021-11-03 00:00:00,annulee
111,2022-09-01 00:00:00,livree
112,2021-09-23 00:00:00,en attente
113,2022-05-14 00:00:00,en attente
114,2020-02-28 00:00:00,en cours de traitement
115,2021-07-17 00:00:00,en attente
116,2020-10-05 00:00:00,livree
117,2022-02-01 00:00:00,livree
118,2021-05-13 00:00:00,en cours de traitement
119,2020-10-21 00:00:00,annulee
120,2021-08-11 00:00:00,expediee
121,2020-12-19 00:00:00,expediee
122,2021-06-10 00:00:00,en cours de traitement
123,2022-01-29 00:00:00,expediee
124,2022-07-07 00:00:00,annulee
125,2021-02-06 00:00:00,annulee
126,2022-07-25 00:00:00,annulee
127,2020-01-30 00:00:00,en cours de traitement
128,2022-08-25 00:00:00,en cours de traitement
129,2021-05-04 00:00:00,expediee
130,2021-03-12 00:00:00,en attente
131,2022-03-28 00:00:00,en cours de traitement
132,2022-04-18 00:00:00,expediee
133,2021-04-11 00:00:00,en attente
134,2020-05-11 00:00:00,annulee
135,2022-11-17 00:00:00,annulee
136,2022-05-07 00:00:00,en cours de traitement
137,2022-05-23 00:00:00,en attente
138,2021-12-22 00:00:00,expediee
139,2020-12-12 00:00:00,expediee
140,2020-10-17 00:00:00,annulee
141,2020-01-18 00:00:00,annulee
142,2021-01-12 00:00:00,en cours de traitement
143,2021-11-10 00:00:00,annulee
144,2020-11-14 00:00:00,livree
145,2022-12-24 00:00:00,expediee
146,2021-04-30 00:00:00,en cours de traitement
147,2022-02-21 00:00:00,livree
148,2021-09-16 00:00:00,en cours de traitement
149,2021-07-20 00:00:00,annulee
150,2020-02-21 00:00:00,en attente
151,2022-05-24 00:00:00,livree
152,2021-08-31 00:00:00,expediee
153,2021-04-11 00:00:00,annulee
154,2022-11-22 00:00:00,en cours de traitement
155,2022-03-28 00:00:00,en attente
156,2020-11-19 00:00:00,livree
157,2021-02-20 00:00:00,annulee
158,2020-12-25 00:00:00,en attente
159,2021-09-25 00:00:00,en cours de traitement
160,2021-05-18 00:00:00,expediee
161,2020-01-01 00:00:00,expediee
162,2022-06-17 00:00:00,annulee
163,2020-07-03 00:00:00,livree
164,2020-09-23 00:00:00,en cours de traitement
165,2020-01-15 00:00:00,en cours de traitement
166,2022-09-27 00:00:00,en attente
167,2022-10-20 00:00:00,expediee
168,2020-03-23 00:00:00,en attente
169,2021-11-05 00:00:00,en cours de traitement
170,2021-05-20 00:00:00,en attente
171,2022-11-25 00:00:00,annulee
172,2022-06-03 00:00:00,livree
173,2022-06-08 00:00:00,annulee
174,2022-07-05 00:00:00,en cours de traitement
175,2021-01-22 00:00:00,en cours de traitement
176,2021-05-04 00:00:00,livree
177,2022-09-10 00:00:00,en attente
178,2021-07-26 00:00:00,annulee
179,2020-02-06 00:00:00,en cours de traitement
180,2022-07-21 00:00:00,annulee
181,2021-08-02 00:00:00,annulee
182,2021-11-15 00:00:00,expediee
183,2021-09-30 00:00:00,expediee
184,2021-06-22 00:00:00,expediee
185,2021-09-30 00:00:00,en attente
186,2021-09-05 00:00:00,en attente
187,2021-07-21 00:00:00,en attente
188,2021-11-14 00:00:00,livree
189,2020-05-15 00:00:00,en cours de traitement
190,2021-06-26 00:00:00,annulee
191,2022-06-23 00:00:00,expediee
192,2021-07-31 00:00:00,en attente
193,2021-03-28 00:00:00,en cours de traitement
194,2020-11-03 00:00:00,expediee
195,2022-04-19 00:00:00,en attente
196,2020-03-18 00:00:00,expediee
197,2020-01-15 00:00:00,expediee
198,2020-05-14 00:00:00,expediee
199,2020-03-01 00:00:00,expediee
200,2021-04-12 00:00:00,en attente
201,2022-03-01 00:00:00,expediee
202,2021-09-29 00:00:00,livree
203,2020-05-01 00:00:00,en attente
204,2022-05-31 00:00:00,livree
205,2020-07-05 00:00:00,annulee
206,2022-06-27 00:00:00,en attente
207,2020-05-17 00:00:00,en attente
208,2022-10-16 00:00:00,en cours de traitement
209,2020-07-04 00:00:00,annulee
210,2022-02-17 00:00:00,expediee
211,2020-03-21 00:00:00,expediee
212,2022-12-09 00:00:00,expediee
213,2021-01-26 00:00:00,livree
214,2022-12-19 00:00:00,expediee
215,2022-10-02 00:00:00,expediee
216,2020-09-28 00:00:00,annulee
217,2020-10-25 00:00:00,expediee
218,2021-05-15 00:00:00,expediee
219,2020-12-21 00:00:00,en cours de traitement
220,2022-12-15 00:00:00,livree
221,2021-01-24 00:00:00,annulee
222,2021-09-24 00:00:00,en attente
223,2021-01-08 00:00:00,annulee
224,2020-02-11 00:00:00,annulee
225,2022-10-30 00:00:00,en cours de traitement
226,2020-02-03 00:00:00,expediee
227,2021-07-15 00:00:00,en attente
228,2022-02-21 00:00:00,en attente
229,2021-04-01 00:00:00,en cours de traitement
230,2020-05-01 00:00:00,annulee
231,2020-03-12 00:00:00,expediee
232,2020-09-11 00:00:00,annulee
233,2022-02-04 00:00:00,en cours de traitement
234,2020-12-15 00:00:00,livree
235,2020-12-20 00:00:00,en cours de traitement
236,2021-01-30 00:00:00,annulee
237,2020-05-22 00:00:00,expediee
238,2020-02-23 00:00:00,annulee
239,2022-02-15 00:00:00,annulee
240,2020-11-17 00:00:00,expediee
241,2021-02-01 00:00:00,expediee
242,2022-10-23 00:00:00,en cours de traitement
243,2020-01-22 00:00:00,annulee
244,2022-10-03 00:00:00,annulee
245,2020-04-03 00:00:00,en cours de traitement
246,2022-02-05 00:00:00,en attente
247,2020-07-01 00:00:00,en cours de traitement
248,2020-01-24 00:00:00,expediee
249,2021-03-15 00:00:00,en attente
250,2022-10-05 00:00:00,expediee
251,2022-12-24 00:00:00,annulee
252,2020-10-22 00:00:00,en attente
253,2020-07-26 00:00:00,en cours de traitement
254,2020-02-27 00:00:00,livree
255,2021-10-27 00:00:00,annulee
256,2022-06-12 00:00:00,annulee
257,2022-11-29 00:00:00,expediee
258,2022-07-29 00:00:00,livree
259,2021-03-06 00:00:00,expediee
260,2021-07-08 00:00:00,annulee
261,2022-12-11 00:00:00,expediee
262,2020-01-18 00:00:00,en cours de traitement
263,2021-09-03 00:00:00,livree
264,2020-02-04 00:00:00,expediee
265,2021-11-20 00:00:00,en cours de traitement
266,2022-01-20 00:00:00,livree
267,2021-10-28 00:00:00,en cours de traitement
268,2022-12-21 00:00:00,expediee
269,2021-08-16 00:00:00,annulee
270,2022-03-22 00:00:00,en cours de traitement
271,2021-10-30 00:00:00,en cours de traitement
272,2021-02-12 00:00:00,en cours de traitement
273,2022-05-17 00:00:00,livree
274,2021-01-09 00:00:00,annulee
275,2020-07-19 00:00:00,en cours de traitement
276,2022-08-13 00:00:00,en attente
277,2021-12-06 00:00:00,en attente
278,2021-01-23 00:00:00,livree
279,2021-09-09 00:00:00,annulee
280,2021-12-19 00:00:00,en cours de traitement
281,2020-06-30 00:00:00,expediee
282,2021-06-16 00:00:00,en cours de traitement
283,2022-07-26 00:00:00,en attente
284,2021-05-26 00:00:00,livree
285,2020-04-05 00:00:00,en cours de traitement
286,2021-03-29 00:00:00,en cours de traitement
287,2021-07-13 00:00:00,annulee
288,2022-03-30 00:00:00,expediee
289,2021-09-03 00:00:00,en cours de traitement
290,2022-03-27 00:00:00,en attente
291,2022-07-21 00:00:00,livree
292,2022-04-12 00:00:00,annulee
293,2021-01-07 00:00:00,livree
294,2021-04-28 00:00:00,livree
295,2020-09-23 00:00:00,annulee
296,2020-10-24 00:00:00,en cours de traitement
297,2022-07-22 00:00:00,livree
298,2022-05-20 00:00:00,en cours de traitement
299,2022-11-25 00:00:00,en cours de traitement
300,2022-06-16 00:00:00,livree
301,2021-04-20 00:00:00,en attente
302,2020-11-16 00:00:00,en cours de traitement
303,2020-01-25 00:00:00,livree
304,2020-08-12 00:00:00,annulee
305,2021-11-27 00:00:00,expediee
306,2021-01-17 00:00:00,livree
307,2021-08-10 00:00:00,en cours de traitement
308,2020-10-15 00:00:00,en cours de traitement
309,2022-02-26 00:00:00,en cours de traitement
310,2021-08-24 00:00:00,expediee
311,2022-10-30 00:00:00,en attente
312,2022-07-31 00:00:00,annulee
313,2021-11-03 00:00:00,en attente
314,2021-07-20 00:00:00,livree
315,2020-03-14 00:00:00,en cours de traitement
316,2020-07-25 00:00:00,expediee
317,2020-10-10 00:00:00,expediee
318,2022-05-08 00:00:00,expediee
319,2020-04-12 00:00:00,en attente
320,2020-08-22 00:00:00,annulee
321,2022-07-31 00:00:00,expediee
322,2021-07-30 00:00:00,livree
323,2021-03-28 00:00:00,annulee
324,2020-05-11 00:00:00,livree
325,2021-11-22 00:00:00,livree
326,2022-05-01 00:00:00,expediee
327,2021-01-06 00:00:00,livree
328,2021-06-17 00:00:00,expediee
329,2021-10-06 00:00:00,annulee
330,2021-11-13 00:00:00,en cours de traitement
331,2021-09-04 00:00:00,en cours de traitement
332,2022-03-09 00:00:00,annulee
333,2021-06-18 00:00:00,livree
334,2021-12-31 00:00:00,en cours de traitement
335,2022-09-27 00:00:00,annulee
336,2022-04-05 00:00:00,en cours de traitement
337,2022-05-30 00:00:00,en cours de traitement
338,2022-01-06 00:00:00,en cours de traitement
339,2020-05-30 00:00:00,annulee
340,2020-01-06 00:00:00,annulee
341,2022-06-05 00:00:00,en attente
342,2020-10-21 00:00:00,expediee
343,2020-07-27 00:00:00,en cours de traitement
344,2022-05-28 00:00:00,annulee
345,2022-01-04 00:00:00,livree
346,2020-08-15 00:00:00,en attente
347,2021-01-06 00:00:00,en attente
348,2022-04-15 00:00:00,livree
349,2020-06-06 00:00:00,expediee
350,2020-10-13 00:00:00,livree
351,2020-01-16 00:00:00,en attente
352,2022-08-05 00:00:00,en cours de traitement
353,2022-11-13 00:00:00,livree
354,2020-12-31 00:00:00,annulee
355,2021-09-24 00:00:00,annulee
356,2021-04-28 00:00:00,annulee
357,2020-11-11 00:00:00,en cours de traitement
358,2021-04-03 00:00:00,livree
359,2021-07-14 00:00:00,en attente
360,2020-08-16 00:00:00,livree
361,2021-05-13 00:00:00,livree
362,2021-07-21 00:00:00,livree
363,2020-02-26 00:00:00,annulee
364,2022-09-11 00:00:00,annulee
365,2020-10-19 00:00:00,en attente
366,2021-04-01 00:00:00,expediee
367,2022-07-05 00:00:00,annulee
368,2020-07-01 00:00:00,expediee
369,2020-07-13 00:00:00,annulee
370,2022-05-23 00:00:00,livree
371,2020-01-09 00:00:00,livree
372,2022-04-27 00:00:00,en cours de traitement
373,2021-09-16 00:00:00,en attente
374,2022-07-04 00:00:00,en attente
375,2021-05-24 00:00:00,en attente
376,2021-04-09 00:00:00,livree
377,2021-06-16 00:00:00,livree
378,2021-11-29 00:00:00,livree
379,2022-08-08 00:00:00,en cours de traitement
380,2022-03-15 00:00:00,en attente
381,2022-05-31 00:00:00,annulee
382,2021-08-09 00:00:00,en attente
383,2020-04-08 00:00:00,expediee
384,2020-12-02 00:00:00,annulee
385,2022-07-29 00:00:00,en cours de traitement
386,2020-09-04 00:00:00,livree
387,2022-11-07 00:00:00,livree
388,2021-10-22 00:00:00,annulee
389,2022-04-07 00:00:00,en attente
390,2020-07-22 00:00:00,en cours de traitement
391,2021-03-16 00:00:00,en attente
392,2022-10-14 00:00:00,expediee
393,2022-08-02 00:00:00,livree
394,2022-10-04 00:00:00,annulee
395,2021-01-26 00:00:00,annulee
396,2020-05-16 00:00:00,livree
397,2021-08-08 00:00:00,annulee
398,2022-12-28 00:00:00,en attente
399,2022-04-13 00:00:00,expediee
400,2020-09-02 00:00:00,en cours de traitement
401,2021-01-31 00:00:00,en attente
402,2022-04-21 00:00:00,annulee
403,2022-12-11 00:00:00,en attente
404,2020-02-01 00:00:00,expediee
405,2020-06-26 00:00:00,expediee
406,2022-03-21 00:00:00,en attente
407,2021-09-26 00:00:00,expediee
408,2020-06-01 00:00:00,livree
409,2020-02-13 00:00:00,livree
410,2020-05-22 00:00:00,annulee
411,2022-05-07 00:00:00,annulee
412,2020-09-02 00:00:00,annulee
413,2021-05-24 00:00:00,en cours de traitement
414,2022-03-08 00:00:00,en cours de traitement
415,2022-12-17 00:00:00,en attente
416,2021-12-23 00:00:00,en cours de traitement
417,2020-12-06 00:00:00,en cours de traitement
418,2021-03-13 00:00:00,en attente
419,2020-03-17 00:00:00,annulee
420,2020-06-24 00:00:00,livree
421,2022-12-24 00:00:00,en cours de traitement
422,2020-11-09 00:00:00,annulee
423,2021-12-23 00:00:00,livree
424,2020-03-28 00:00:00,expediee
425,2021-11-11 00:00:00,en attente
426,2022-02-06 00:00:00,annulee
427,2020-11-30 00:00:00,en cours de traitement
428,2021-11-17 00:00:00,en cours de traitement
429,2020-10-12 00:00:00,livree
430,2021-10-12 00:00:00,en attente
431,2021-06-06 00:00:00,expediee
432,2020-03-13 00:00:00,livree
433,2021-05-14 00:00:00,annulee
434,2022-02-16 00:00:00,expediee
435,2020-01-23 00:00:00,livree
436,2022-08-04 00:00:00,en attente
437,2021-05-22 00:00:00,livree
438,2021-08-27 00:00:00,annulee
439,2020-10-06 00:00:00,annulee
440,2020-07-20 00:00:00,en cours de traitement
441,2020-05-24 00:00:00,expediee
442,2022-08-10 00:00:00,livree
443,2022-09-09 00:00:00,en attente
444,2021-12-06 00:00:00,annulee
445,2022-09-23 00:00:00,en cours de traitement
446,2022-06-06 00:00:00,en attente
447,2022-01-30 00:00:00,en cours de traitement
448,2021-12-11 00:00:00,en attente
449,2020-06-13 00:00:00,annulee
450,2020-04-13 00:00:00,expediee
451,2022-01-21 00:00:00,en cours de traitement
452,2022-01-28 00:00:00,livree
453,2020-01-14 00:00:00,expediee
454,2020-09-28 00:00:00,annulee
455,2021-07-11 00:00:00,livree
456,2021-11-23 00:00:00,livree
457,2020-07-21 00:00:00,expediee
458,2020-08-09 00:00:00,annulee
459,2021-11-26 00:00:00,livree
460,2022-09-15 00:00:00,livree
461,2021-07-20 00:00:00,annulee
462,2022-10-25 00:00:00,annulee
463,2020-04-03 00:00:00,livree
464,2021-10-05 00:00:00,livree
465,2020-02-12 00:00:00,en cours de traitement
466,2020-10-08 00:00:00,expediee
467,2022-10-14 00:00:00,en cours de traitement
468,2021-08-18 00:00:00,livree
469,2020-07-23 00:00:00,annulee
470,2022-06-20 00:00:00,en attente
471,2020-03-16 00:00:00,expediee
472,2020-06-08 00:00:00,expediee
473,2021-06-27 00:00:00,en cours de traitement
474,2021-11-15 00:00:00,en attente
475,2022-02-20 00:00:00,en cours de traitement
476,2020-03-29 00:00:00,en attente
477,2021-03-24 00:00:00,expediee
478,2022-12-07 00:00:00,livree
479,2021-09-11 00:00:00,annulee
480,2022-03-27 00:00:00,annulee
481,2021-02-08 00:00:00,en cours de traitement
482,2020-07-21 00:00:00,en cours de traitement
483,2022-11-02 00:00:00,en cours de traitement
484,2020-04-15 00:00:00,annulee
485,2020-12-27 00:00:00,annulee
486,2022-12-25 00:00:00,annulee
487,2022-06-15 00:00:00,en cours de traitement
488,2021-05-01 00:00:00,en attente
489,2022-01-07 00:00:00,annulee
490,2021-03-20 00:00:00,en cours de traitement
491,2022-10-29 00:00:00,expediee
492,2020-01-19 00:00:00,en attente
493,2020-07-14 00:00:00,en cours de traitement
494,2020-03-30 00:00:00,livree
495,2022-11-18 00:00:00,expediee
496,2021-03-29 00:00:00,en attente
497,2022-10-15 00:00:00,expediee
498,2022-05-17 00:00:00,en attente
499,2021-09-18 00:00:00,annulee
500,2022-07-17 00:00:00,expediee
501,2022-07-05 00:00:00,en attente
502,2020-11-25 00:00:00,annulee
503,2020-04-29 00:00:00,expediee
504,2022-03-14 00:00:00,en cours de traitement
505,2020-03-01 00:00:00,expediee
506,2022-10-27 00:00:00,annulee
507,2021-05-08 00:00:00,annulee
508,2022-10-02 00:00:00,en cours de traitement
509,2020-05-03 00:00:00,livree
510,2022-07-01 00:00:00,livree
511,2020-02-26 00:00:00,livree
512,2022-08-19 00:00:00,en attente
513,2022-05-05 00:00:00,en attente
514,2021-06-14 00:00:00,annulee
515,2021-07-09 00:00:00,annulee
516,2020-07-18 00:00:00,en attente
517,2020-09-30 00:00:00,livree
518,2022-12-30 00:00:00,livree
519,2020-11-30 00:00:00,en attente
520,2022-12-17 00:00:00,livree
521,2020-06-10 00:00:00,expediee
522,2021-05-02 00:00:00,en attente
523,2022-11-14 00:00:00,expediee
524,2022-10-03 00:00:00,annulee
525,2021-04-23 00:00:00,en cours de traitement
526,2022-05-23 00:00:00,en cours de traitement
527,2022-08-28 00:00:00,annulee
528,2020-05-01 00:00:00,expediee
529,2022-07-29 00:00:00,en attente
530,2021-10-13 00:00:00,annulee
531,2020-11-01 00:00:00,en attente
532,2021-05-27 00:00:00,annulee
533,2022-02-27 00:00:00,en cours de traitement
534,2022-08-14 00:00:00,annulee
535,2021-01-16 00:00:00,annulee
536,2021-03-04 00:00:00,en cours de traitement
537,2021-06-26 00:00:00,en cours de traitement
538,2020-10-23 00:00:00,en attente
539,2022-11-15 00:00:00,annulee
540,2020-04-25 00:00:00,livree
541,2020-05-31 00:00:00,expediee
542,2022-03-18 00:00:00,expediee
543,2021-12-19 00:00:00,annulee
544,2020-04-10 00:00:00,expediee
545,2021-09-13 00:00:00,livree
546,2021-01-17 00:00:00,annulee
547,2020-04-13 00:00:00,en attente
548,2022-05-26 00:00:00,livree
549,2022-01-23 00:00:00,annulee
550,2021-12-13 00:00:00,en attente
551,2020-06-21 00:00:00,en cours de traitement
552,2021-05-01 00:00:00,expediee
553,2020-05-28 00:00:00,expediee
554,2021-04-15 00:00:00,en attente
555,2021-01-11 00:00:00,annulee
556,2022-12-03 00:00:00,annulee
557,2022-10-18 00:00:00,annulee
558,2021-04-02 00:00:00,livree
559,2021-12-07 00:00:00,livree
560,2020-05-29 00:00:00,annulee
561,2022-01-08 00:00:00,livree
562,2021-03-08 00:00:00,en attente
563,2022-01-01 00:00:00,en cours de traitement
564,2021-03-26 00:00:00,en cours de traitement
565,2021-07-10 00:00:00,livree
566,2020-09-02 00:00:00,expediee
567,2021-09-07 00:00:00,livree
568,2021-03-01 00:00:00,livree
569,2020-09-23 00:00:00,en attente
570,2022-04-06 00:00:00,en cours de traitement
571,2022-06-16 00:00:00,en cours de traitement
572,2022-10-18 00:00:00,annulee
573,2021-12-13 00:00:00,en cours de traitement
574,2020-03-20 00:00:00,en attente
575,2022-10-13 00:00:00,expediee
576,2020-04-13 00:00:00,en attente
577,2020-04-26 00:00:00,en attente
578,2021-08-27 00:00:00,expediee
579,2021-06-16 00:00:00,livree
580,2022-09-16 00:00:00,en attente
581,2021-01-29 00:00:00,en attente
582,2020-04-03 00:00:00,livree
583,2022-03-27 00:00:00,annulee
584,2021-02-18 00:00:00,en attente
585,2021-09-21 00:00:00,expediee
586,2020-03-25 00:00:00,en cours de traitement
587,2021-04-03 00:00:00,en cours de traitement
588,2022-11-22 00:00:00,livree
589,2020-02-05 00:00:00,expediee
590,2021-09-24 00:00:00,en cours de traitement
591,2020-01-30 00:00:00,en cours de traitement
592,2021-02-24 00:00:00,livree
593,2021-01-18 00:00:00,en cours de traitement
594,2022-10-11 00:00:00,livree
595,2022-03-21 00:00:00,livree
596,2020-09-14 00:00:00,en cours de traitement
597,2022-01-06 00:00:00,en attente
598,2021-11-19 00:00:00,livree
599,2022-07-05 00:00:00,en cours de traitement
600,2022-05-19 00:00:00,annulee
601,2021-10-13 00:00:00,annulee
602,2021-07-06 00:00:00,en cours de traitement
603,2021-06-07 00:00:00,livree
604,2021-11-24 00:00:00,expediee
605,2020-04-02 00:00:00,en cours de traitement
606,2021-12-05 00:00:00,expediee
607,2022-11-15 00:00:00,livree
608,2020-10-07 00:00:00,livree
609,2022-07-08 00:00:00,annulee
610,2020-01-30 00:00:00,livree
611,2020-05-30 00:00:00,en attente
612,2022-01-31 00:00:00,en cours de traitement
613,2022-07-16 00:00:00,en attente
614,2020-02-22 00:00:00,expediee
615,2020-01-20 00:00:00,annulee
616,2021-01-04 00:00:00,en cours de traitement
617,2021-02-05 00:00:00,en attente
618,2021-10-15 00:00:00,expediee
619,2022-04-29 00:00:00,en attente
620,2021-04-14 00:00:00,en cours de traitement
621,2021-04-01 00:00:00,livree
622,2021-10-21 00:00:00,livree
623,2020-04-17 00:00:00,annulee
624,2021-02-08 00:00:00,annulee
625,2021-02-25 00:00:00,en cours de traitement
626,2021-01-13 00:00:00,en attente
627,2022-11-30 00:00:00,en attente
628,2020-04-12 00:00:00,livree
629,2021-12-06 00:00:00,en cours de traitement
630,2021-01-31 00:00:00,en attente
631,2021-12-10 00:00:00,en attente
632,2021-03-10 00:00:00,livree
633,2022-09-26 00:00:00,annulee
634,2021-03-05 00:00:00,livree
635,2020-08-05 00:00:00,en attente
636,2021-07-28 00:00:00,en attente
637,2021-04-03 00:00:00,expediee
638,2021-12-24 00:00:00,annulee
639,2021-03-28 00:00:00,expediee
640,2021-01-29 00:00:00,annulee
641,2021-10-15 00:00:00,en attente
642,2021-08-01 00:00:00,livree
643,2021-09-08 00:00:00,livree
644,2020-02-13 00:00:00,livree
645,2020-08-24 00:00:00,annulee
646,2021-01-16 00:00:00,annulee
647,2022-08-21 00:00:00,livree
648,2022-11-05 00:00:00,expediee
649,2022-05-26 00:00:00,expediee
650,2021-06-24 00:00:00,expediee
651,2020-01-02 00:00:00,annulee
652,2020-05-25 00:00:00,expediee
653,2022-07-23 00:00:00,livree
654,2021-12-22 00:00:00,en attente
655,2020-04-05 00:00:00,livree
656,2021-04-13 00:00:00,en cours de traitement
657,2020-10-07 00:00:00,en cours de traitement
658,2020-11-11 00:00:00,en cours de traitement
659,2022-09-22 00:00:00,en attente
660,2021-03-11 00:00:00,en attente
661,2021-02-11 00:00:00,annulee
662,2020-06-02 00:00:00,en cours de traitement
663,2020-07-14 00:00:00,en cours de traitement
664,2021-05-29 00:00:00,expediee
665,2021-10-08 00:00:00,expediee
666,2022-09-12 00:00:00,en cours de traitement
667,2022-09-27 00:00:00,annulee
668,2022-10-13 00:00:00,en cours de traitement
669,2022-07-28 00:00:00,annulee
670,2021-06-29 00:00:00,expediee
671,2022-09-30 00:00:00,expediee
672,2021-04-25 00:00:00,expediee
673,2021-06-10 00:00:00,expediee
674,2021-12-29 00:00:00,en attente
675,2020-05-18 00:00:00,expediee
676,2021-05-10 00:00:00,expediee
677,2021-09-08 00:00:00,en cours de traitement
678,2022-03-05 00:00:00,livree
679,2022-02-15 00:00:00,livree
680,2020-03-02 00:00:00,annulee
681,2022-02-13 00:00:00,en attente
682,2021-02-07 00:00:00,livree
683,2020-04-08 00:00:00,en cours de traitement
684,2021-01-29 00:00:00,en cours de traitement
685,2021-04-18 00:00:00,livree
686,2021-02-28 00:00:00,expediee
687,2020-05-24 00:00:00,livree
688,2022-11-10 00:00:00,en attente
689,2022-08-25 00:00:00,en attente
690,2021-12-16 00:00:00,livree
691,2022-03-13 00:00:00,en attente
692,2021-04-04 00:00:00,livree
693,2020-01-16 00:00:00,en attente
694,2022-12-19 00:00:00,en cours de traitement
695,2021-07-26 00:00:00,annulee
696,2022-04-21 00:00:00,expediee
697,2021-09-30 00:00:00,livree
698,2022-05-24 00:00:00,en cours de traitement
699,2022-12-16 00:00:00,livree
700,2020-01-25 00:00:00,en cours de traitement
701,2020-05-22 00:00:00,en attente
702,2022-06-11 00:00:00,annulee
703,2022-02-09 00:00:00,en cours de traitement
704,2021-08-22 00:00:00,expediee
705,2022-08-02 00:00:00,en attente
706,2021-01-03 00:00:00,en attente
707,2021-11-03 00:00:00,livree
708,2021-04-07 00:00:00,en cours de traitement
709,2020-08-28 00:00:00,annulee
710,2022-10-07 00:00:00,expediee
711,2022-08-19 00:00:00,annulee
712,2022-05-02 00:00:00,en attente
713,2021-07-13 00:00:00,en cours de traitement
714,2021-01-04 00:00:00,en attente
715,2021-04-28 00:00:00,annulee
716,2022-10-05 00:00:00,annulee
717,2020-02-03 00:00:00,annulee
718,2020-07-13 00:00:00,annulee
719,2020-11-27 00:00:00,annulee
720,2020-06-16 00:00:00,livree
721,2022-06-29 00:00:00,en attente
722,2021-10-12 00:00:00,annulee
723,2021-11-27 00:00:00,expediee
724,2020-08-24 00:00:00,annulee
725,2021-05-25 00:00:00,en attente
726,2022-04-09 00:00:00,en cours de traitement
727,2021-04-30 00:00:00,en attente
728,2020-11-06 00:00:00,en attente
729,2022-04-21 00:00:00,en attente
730,2021-03-22 00:00:00,en attente
731,2020-09-30 00:00:00,expediee
732,2022-06-10 00:00:00,annulee
733,2020-04-25 00:00:00,expediee
734,2021-11-04 00:00:00,en attente
735,2020-07-13 00:00:00,en attente
736,2022-05-10 00:00:00,annulee
737,2021-11-19 00:00:00,annulee
738,2021-09-10 00:00:00,en attente
739,2021-05-10 00:00:00,livree
740,2020-02-21 00:00:00,en attente
741,2020-09-30 00:00:00,annulee
742,2020-12-14 00:00:00,expediee
743,2022-11-29 00:00:00,en attente
744,2020-07-29 00:00:00,en cours de traitement
745,2020-01-26 00:00:00,en cours de traitement
746,2021-08-07 00:00:00,annulee
747,2022-04-29 00:00:00,livree
748,2021-05-01 00:00:00,annulee
749,2022-12-18 00:00:00,en attente
750,2020-11-09 00:00:00,en attente
751,2022-07-14 00:00:00,expediee
752,2022-06-17 00:00:00,en cours de traitement
753,2020-05-31 00:00:00,annulee
754,2021-11-18 00:00:00,expediee
755,2022-06-09 00:00:00,annulee
756,2022-03-17 00:00:00,expediee
757,2020-06-27 00:00:00,livree
758,2021-10-15 00:00:00,en cours de traitement
759,2021-12-23 00:00:00,en cours de traitement
760,2022-07-30 00:00:00,expediee
761,2022-08-28 00:00:00,en cours de traitement
762,2021-11-23 00:00:00,livree
763,2022-07-14 00:00:00,en attente
764,2021-08-25 00:00:00,expediee
765,2020-03-21 00:00:00,en cours de traitement
766,2022-03-16 00:00:00,annulee
767,2021-08-20 00:00:00,en cours de traitement
768,2022-04-22 00:00:00,expediee
769,2022-09-18 00:00:00,en attente
770,2021-08-29 00:00:00,en cours de traitement
771,2022-04-14 00:00:00,annulee
772,2022-10-13 00:00:00,expediee
773,2021-11-25 00:00:00,expediee
774,2022-12-06 00:00:00,annulee
775,2022-10-27 00:00:00,en cours de traitement
776,2021-10-26 00:00:00,annulee
777,2022-01-22 00:00:00,en cours de traitement
778,2020-07-04 00:00:00,expediee
779,2020-01-10 00:00:00,en attente
780,2020-11-01 00:00:00,en cours de traitement
781,2022-03-11 00:00:00,expediee
782,2020-09-29 00:00:00,en cours de traitement
783,2020-08-05 00:00:00,livree
784,2020-05-10 00:00:00,livree
785,2021-10-05 00:00:00,annulee
786,2022-09-18 00:00:00,en attente
787,2022-04-06 00:00:00,en cours de traitement
788,2021-12-10 00:00:00,expediee
789,2021-03-28 00:00:00,annulee
790,2021-09-11 00:00:00,en cours de traitement
791,2020-02-22 00:00:00,annulee
792,2022-03-07 00:00:00,en attente
793,2022-05-21 00:00:00,annulee
794,2021-06-22 00:00:00,expediee
795,2022-01-19 00:00:00,livree
796,2022-12-20 00:00:00,en cours de traitement
797,2021-01-05 00:00:00,en cours de traitement
798,2020-03-08 00:00:00,livree
799,2021-08-09 00:00:00,livree
800,2020-01-10 00:00:00,livree
801,2022-08-12 00:00:00,livree
802,2022-11-05 00:00:00,expediee
803,2020-01-20 00:00:00,expediee
804,2020-05-12 00:00:00,annulee
805,2020-08-29 00:00:00,expediee
806,2021-01-07 00:00:00,en attente
807,2022-08-22 00:00:00,annulee
808,2021-06-20 00:00:00,en cours de traitement
809,2020-05-02 00:00:00,annulee
810,2022-06-07 00:00:00,livree
811,2020-11-23 00:00:00,expediee
812,2022-08-23 00:00:00,annulee
813,2022-09-14 00:00:00,annulee
814,2020-10-26 00:00:00,livree
815,2020-08-26 00:00:00,en cours de traitement
816,2020-04-24 00:00:00,livree
817,2022-02-08 00:00:00,livree
818,2020-06-06 00:00:00,en attente
819,2020-12-28 00:00:00,en cours de traitement
820,2022-01-24 00:00:00,annulee
821,2021-03-31 00:00:00,en cours de traitement
822,2021-02-22 00:00:00,en cours de traitement
823,2022-10-12 00:00:00,en attente
824,2020-01-21 00:00:00,en cours de traitement
825,2022-10-06 00:00:00,en cours de traitement
826,2020-11-25 00:00:00,livree
827,2022-01-29 00:00:00,livree
828,2020-06-21 00:00:00,annulee
829,2022-07-30 00:00:00,en cours de traitement
830,2021-05-08 00:00:00,expediee
831,2021-01-16 00:00:00,livree
832,2020-04-20 00:00:00,en attente
833,2021-01-04 00:00:00,en cours de traitement
834,2022-08-17 00:00:00,livree
835,2022-07-11 00:00:00,en attente
836,2022-06-17 00:00:00,en attente
837,2022-05-27 00:00:00,en attente
838,2022-11-19 00:00:00,annulee
839,2021-03-12 00:00:00,expediee
840,2020-06-10 00:00:00,annulee
841,2021-09-26 00:00:00,annulee
842,2022-09-20 00:00:00,livree
843,2022-09-24 00:00:00,expediee
844,2020-12-31 00:00:00,annulee
845,2022-06-11 00:00:00,annulee
846,2021-09-22 00:00:00,annulee
847,2020-04-05 00:00:00,expediee
848,2021-03-15 00:00:00,livree
849,2021-01-12 00:00:00,en cours de traitement
850,2021-05-23 00:00:00,en attente
851,2020-02-01 00:00:00,expediee
852,2022-09-05 00:00:00,en cours de traitement
853,2021-09-12 00:00:00,annulee
854,2020-02-05 00:00:00,en cours de traitement
855,2021-04-30 00:00:00,en attente
856,2020-01-20 00:00:00,en attente
857,2020-03-06 00:00:00,en cours de traitement
858,2021-12-03 00:00:00,expediee
859,2022-04-06 00:00:00,expediee
860,2022-08-24 00:00:00,en attente
861,2022-06-28 00:00:00,expediee
862,2022-08-14 00:00:00,en attente
863,2021-02-18 00:00:00,en cours de traitement
864,2020-11-01 00:00:00,en attente
865,2021-05-05 00:00:00,en cours de traitement
866,2021-06-15 00:00:00,expediee
867,2020-08-18 00:00:00,en attente
868,2022-11-16 00:00:00,annulee
869,2020-09-28 00:00:00,en attente
870,2021-10-06 00:00:00,annulee
871,2020-04-17 00:00:00,livree
872,2021-07-01 00:00:00,en cours de traitement
873,2021-08-02 00:00:00,livree
874,2020-08-24 00:00:00,expediee
875,2020-01-16 00:00:00,expediee
876,2021-06-16 00:00:00,expediee
877,2022-03-25 00:00:00,expediee
878,2022-03-02 00:00:00,en attente
879,2020-06-25 00:00:00,en attente
880,2022-01-03 00:00:00,en cours de traitement
881,2021-07-30 00:00:00,en cours de traitement
882,2020-08-29 00:00:00,en cours de traitement
883,2021-06-17 00:00:00,en cours de traitement
884,2022-07-31 00:00:00,expediee
885,2021-01-01 00:00:00,annulee
886,2021-05-29 00:00:00,en attente
887,2021-10-05 00:00:00,annulee
888,2020-01-22 00:00:00,en cours de traitement
889,2021-01-29 00:00:00,annulee
890,2021-06-11 00:00:00,annulee
891,2021-10-04 00:00:00,livree
892,2022-01-19 00:00:00,en attente
893,2022-08-05 00:00:00,livree
894,2021-10-07 00:00:00,en cours de traitement
895,2021-05-13 00:00:00,annulee
896,2020-06-20 00:00:00,expediee
897,2020-06-15 00:00:00,annulee
898,2022-05-09 00:00:00,annulee
899,2022-09-22 00:00:00,livree
900,2022-10-07 00:00:00,annulee
901,2021-07-30 00:00:00,annulee
902,2021-12-08 00:00:00,expediee
903,2021-04-03 00:00:00,expediee
904,2020-04-28 00:00:00,annulee
905,2022-02-01 00:00:00,annulee
906,2022-10-09 00:00:00,annulee
907,2021-07-26 00:00:00,en cours de traitement
908,2022-06-29 00:00:00,en attente
909,2022-09-19 00:00:00,livree
910,2021-09-02 00:00:00,en cours de traitement
911,2020-02-05 00:00:00,en attente
912,2020-03-02 00:00:00,livree
913,2022-04-27 00:00:00,en attente
914,2022-07-17 00:00:00,en cours de traitement
915,2021-08-16 00:00:00,annulee
916,2021-03-24 00:00:00,expediee
917,2022-09-23 00:00:00,livree
918,2022-05-19 00:00:00,annulee
919,2022-10-04 00:00:00,expediee
920,2020-01-21 00:00:00,expediee
921,2021-08-25 00:00:00,annulee
922,2021-11-24 00:00:00,livree
923,2021-12-14 00:00:00,livree
924,2022-07-12 00:00:00,expediee
925,2021-01-26 00:00:00,annulee
926,2021-05-02 00:00:00,en cours de traitement
927,2022-04-07 00:00:00,annulee
928,2020-06-20 00:00:00,livree
929,2022-02-17 00:00:00,en attente
930,2020-12-19 00:00:00,expediee
931,2022-01-02 00:00:00,annulee
932,2021-05-03 00:00:00,en cours de traitement
933,2021-03-25 00:00:00,annulee
934,2021-01-07 00:00:00,expediee
935,2022-05-06 00:00:00,en attente
936,2021-01-19 00:00:00,en attente
937,2020-07-16 00:00:00,annulee
938,2020-04-17 00:00:00,annulee
939,2022-04-18 00:00:00,en cours de traitement
940,2022-02-01 00:00:00,en cours de traitement
941,2020-10-14 00:00:00,annulee
942,2020-10-25 00:00:00,expediee
943,2020-08-19 00:00:00,expediee
944,2020-11-18 00:00:00,livree
945,2021-05-04 00:00:00,expediee
946,2021-07-21 00:00:00,en cours de traitement
947,2021-10-04 00:00:00,en cours de traitement
948,2021-06-30 00:00:00,en cours de traitement
949,2022-07-03 00:00:00,expediee
950,2022-09-03 00:00:00,livree
951,2020-01-14 00:00:00,livree
952,2021-08-29 00:00:00,en attente
953,2020-11-25 00:00:00,expediee
954,2021-12-17 00:00:00,expediee
955,2022-12-24 00:00:00,annulee
956,2022-05-27 00:00:00,en attente
957,2021-05-30 00:00:00,livree
958,2020-04-19 00:00:00,en cours de traitement
959,2022-06-04 00:00:00,en attente
960,2022-08-13 00:00:00,annulee
961,2022-01-18 00:00:00,expediee
962,2021-12-29 00:00:00,en cours de traitement
963,2021-05-25 00:00:00,annulee
964,2021-06-16 00:00:00,expediee
965,2020-10-21 00:00:00,en cours de traitement
966,2021-06-10 00:00:00,en attente
967,2020-12-10 00:00:00,annulee
968,2020-04-13 00:00:00,expediee
969,2020-03-08 00:00:00,en cours de traitement
970,2020-10-30 00:00:00,livree
971,2022-10-17 00:00:00,en cours de traitement
972,2021-11-03 00:00:00,en attente
973,2020-08-02 00:00:00,livree
974,2021-09-03 00:00:00,livree
975,2020-09-29 00:00:00,expediee
976,2021-05-17 00:00:00,expediee
977,2022-05-21 00:00:00,en attente
978,2022-05-26 00:00:00,annulee
979,2022-02-28 00:00:00,livree
980,2021-09-26 00:00:00,annulee
981,2020-04-27 00:00:00,livree
982,2020-07-02 00:00:00,annulee
983,2020-10-30 00:00:00,annulee
984,2020-09-15 00:00:00,expediee
985,2021-05-11 00:00:00,annulee
986,2021-03-20 00:00:00,en attente
987,2021-06-13 00:00:00,expediee
988,2020-09-27 00:00:00,livree
989,2022-03-31 00:00:00,annulee
990,2020-07-13 00:00:00,en attente
991,2022-03-23 00:00:00,en attente
992,2020-07-02 00:00:00,en cours de traitement
993,2020-08-09 00:00:00,annulee
994,2020-04-10 00:00:00,expediee
995,2022-05-31 00:00:00,annulee
996,2020-04-07 00:00:00,en attente
997,2020-04-26 00:00:00,livree
998,2021-06-24 00:00:00,annulee
999,2022-08-27 00:00:00,en attente
1000,2020-07-10 00:00:00,expediee
